{"cameraMode":{"drawMode":0,"name":"Shaded","section":"Shading Mode"},"sceneLighting":true,"audioPlay":false,"sceneViewState":{"m_AlwaysRefresh":false,"showFog":true,"showSkybox":true,"showFlares":true,"showImageEffects":true,"showParticleSystems":true,"showVisualEffectGraphs":true,"m_FxEnabled":true},"in2DMode":false,"pivot":{"x":0.06359218806028366,"y":0.17431926727294923,"z":-0.029583387076854707},"rotation":{"x":0.1604849100112915,"y":-0.5829874277114868,"z":0.11876930296421051,"w":0.7875944972038269},"size":1.0206170082092286,"orthographic":true}